<?xml version="1.0" encoding="UTF-8" ?>
<!DOCTYPE configuration
        PUBLIC "-//mybatis.org//DTD Config 3.0//EN"
        "http://mybatis.org/dtd/mybatis-3-config.dtd">
<configuration>

    <!-- 加载属性文件 -->
    <properties resource="db.properties">
        <!--properties中还可以配置一些属性名和属性值  -->
        <!-- <property name="jdbc.driver" value=""/> -->
    </properties>

    <!-- 别名定义 -->
    <typeAliases>

        <!-- 针对单个别名定义
        type：类型的路径
        alias：别名
         -->
        <!-- <typeAlias type="com.iot.ssmUser" alias="user"/> -->
        <!-- 批量别名定义
        指定包名，mybatis自动扫描包中的po类，自动定义别名，别名就是类名（首字母大写或小写都可以）
        -->
        <package name="com.iot.ssm.po"/>

    </typeAliases>

    <!-- 加载映射文件-->
    <mappers>
        <mapper resource="sqlmap/User.xml"/>
        <!--  <mapper resource="mapper/UserMapper.xml"/> -->

        <!-- 批量加载mapper
        指定mapper接口的包名，mybatis自动扫描包下边所有mapper接口进行加载
        遵循一些规范：需要将mapper接口类名和mapper.xml映射文件名称保持一致，且在一个目录中
        上边规范的前提是：使用的是mapper代理方法


        <package name="com.iot.ssm.mapper"/>
        -->

    </mappers>
</configuration>
